ABN,Email1,Start Date,Issue Date,Expiry Date,Licence Class,Email2,Email3,Email4,Email Orig String
11  579 573 181,info@pelicancharters.com.au,,,30-Jun-22,T,,,,info@pelicancharters.com.au
67 521 172 081,darngku@bigpond.com,,3-Apr-18,30-Apr-21,T+,,,,darngku@bigpond.com
41 291 609 330,info@confluence.com.au,,28-Jul-16,31-Jul-19,T+,,,,info@confluence.com.au
69 104 769  584,jmorrisn@worldchallenge.com.au,,20-Dec-18,31-Jan-22,T+,,,,jmorrisn@worldchallenge.com.au
20 084 058 296,John@wembleycycles.com,13-Jul-19,10-Jul-19,14-Sep-19,T,,,,John@wembleycycles.com
20 084 058 296,John@wembleycycles.com,,4-Jul-18,13-Jul-19,T,,,,John@wembleycycles.com
43 599 477 276,ross@targawest.com.au,29-Apr-19,,28-Jun-19,T+,,,,ross@targawest.com.au
44 501 003 479,ride@westcoastsafaris.com.au,,4-Sep-17,31-Oct-20,T,,,,ride@westcoastsafaris.com.au
97 056 797 228,shawhorizons@myoffice.net.au,,28-Nov-18,30-Nov-21,T+,,,,shawhorizons@myoffice.net.au
19 649 784 729,kklay@bigpond.com,,20-Dec-18,31-Jan-20,T+,,,,kklay@bigpond.com
51 519 020 223,campcoralbay@bigpond.com,,11-Jun-18,31-Jul-21,T+,,,,campcoralbay@bigpond.com
21 104 931 240,kaygeebee@bigpond.com,2-Aug-11,3-Aug-11,31-Dec-23,E,,,,kaygeebee@bigpond.com
21 104 931 240,kaygeebee@bigpond.com,21-Feb-10,18-Feb-10,20-Feb-20,E,,,,kaygeebee@bigpond.com
21 104 931 240,kaygeebee@bigpond.com,21-Feb-10,18-Feb-10,20-Feb-20,E,,,,kaygeebee@bigpond.com
29 763 838 6756,info@sailningaloo.com.au,21-Feb-10,27-Dec-12,20-Feb-20,E,,,,info@sailningaloo.com.au
29 763 838 6756,info@sailningaloo.com.au,,8-Feb-16,28-Feb-21,T,,,,info@sailningaloo.com.au
92 132 531 649,mail@westozkiteboarding.com.au,,4-Oct-11,31-Oct-21,T+,,,,mail@westozkiteboarding.com.au
72 829 822 587,doc@kepakurl.com.au,,12-Dec-14,31-Mar-24,T+,,,,doc@kepakurl.com.au
18833045600,info@wwtwa.com.au,,17-Mar-16,31-Mar-20,T+,,,,info@wwtwa.com.au
16 345 720 015,info@kimberleybirdwatching.com.au,,3-May-19,31-May-20,T+,,,,info@kimberleybirdwatching.com.au
66 122 625 567,james@kimberleywild.com.au,,22-May-12,31-May-22,E,,,,james@kimberleywild.com.au
66 122 625 567,james@kimberleywild.com.au,,25-Feb-19,30-Apr-22,T+,,,,james@kimberleywild.com.au
90 106 742 385,andrew.horan@aptouring.com.au,,9-Feb-16,31-May-22,E,,,,andrew.horan@aptouring.com.au
90 106 742 385,andrew.horan@aptouring.com.au,,30-Apr-20,31-May-22,T+,,,,andrew.horan@aptouring.com.au
,baseman61@bigpond.com,,14-Oct-10,30-Sep-16,T,,,,baseman61@bigpond.com
47 058 367 847,info@kingleopoldair.com.au,,27-Jul-16,31-Aug-19,T+,,,,info@kingleopoldair.com.au
46 064 688 651,info@outdoordiscoveries.com.au,,21-Feb-19,31-Mar-22,T+,Brett@outdoordiscoveries.com.au,,,info@outdoordiscoveries.com.au; Brett@outdoordiscoveries.com.au
65 009 105 677,operations@sailleeuwin.com,,10-Nov-16,30-Nov-19,T,,,,operations@sailleeuwin.com
49 105 617 165,info@lestoktours.com.au,,22-Dec-17,31-Dec-20,T,,,,info@lestoktours.com.au
82 088 452 582,lordssafaris@bigpond.com,12-Aug-19,20-Jun-19,11-Oct-19,T+,,,,lordssafaris@bigpond.com
53 010 856 854,info@oztours.com.au,26-May-19,1-Mar-19,25-Jul-19,T,,,,info@oztours.com.au
17 103 160 103,info@australianmajestictours.com,,23-Jan-19,31-Jan-20,T,,,,info@australianmajestictours.com
76 631 853 772,matt@apachecharters.com.au,,10-Aug-17,31-Aug-19,T+,,,,matt@apachecharters.com.au
59 791 263 381,info@ningaloowhalesharks.com,1-Jan-09,23-Dec-08,31-Dec-23,E,matthewvwinter@gmail.com,,,info@ningaloowhalesharks.com; matthewvwinter@gmail.com
16 859 484 342,info@margaretriverclimbingco.com.au,,11-Dec-18,31-Jan-20,T+,,,,info@margaretriverclimbingco.com.au
21 109 763 575,houseboatswa@westnet.com.au,,24-Apr-15,30-Apr-20,T+,,,,houseboatswa@westnet.com.au
88 113 085 411,tash@millscharters.com.au,,7-Dec-18,31-Jan-20,T,,,,tash@millscharters.com.au
82 532 359 819,mirravale@bigpond.com,,21-Nov-18,30-Nov-19,T+,,,,mirravale@bigpond.com
63 070 318 562,dwgupadv@westnet.com.au,,21-Feb-18,31-Mar-21,T,,,,dwgupadv@westnet.com.au
65 082 086 262,monkeymiaaristo1@westnet.com.au,1-Oct-16,,30-Sep-26,E,monkeymiaaristo@wn.com.au,,,monkeymiaaristo1@westnet.com.au;: monkeymiaaristo@wn.com.au
62 903 910 807,execofficer@mundabiddi.org.au,,24-Oct-18,31-Oct-21,T,admin@mundabiddi.org.au,,,execofficer@mundabiddi.org.auadmin@mundabiddi.org.au
51 070 718 286,murase@ctcperth.com.au,,17-Aug-16,30-Sep-19,T+,,,,murase@ctcperth.com.au
67 314 890 989,markhanger@naturequest.co.nz,2-Sep-19,,1-Nov-19,T,,,,markhanger@naturequest.co.nz
74 320 683 380,info@uptuyu.com.au,,1-Jun-18,30-Jun-21,T,nev@uptuyu.com.au,,,"info@uptuyu.com.au, nev@uptuyu.com.au"
32 104 063 827,simon@truenorth.com.au,,2-Mar-12,28-Feb-27,T,,,,simon@truenorth.com.au
66 737 871 247,sue@oshannessys.com.au,,23-May-19,31-May-20,T+,enquiries@oshannessys.com.au,,,"sue@oshannessys.com.au, enquiries@oshannessys.com.au"
71 154 135 454,dgi@upnaway.com,,13-Jul-18,31-Jul-21,T,,,,dgi@upnaway.com
74 006 972 130,lyn@outbackspirit.net.au,,31-Jan-17,31-May-20,T,,,,lyn@outbackspirit.net.au
,tours@ningaloosafari.com,,19-Dec-14,31-Dec-24,E,,,,tours@ningaloosafari.com
15 402 813 972,paul@endeavourtours.com.au,23-Jul-19,13-Jun-19,22-Sep-19,T,,,,paul@endeavourtours.com.au
86 079 087 817,aaron@dolphins.com.au,,20-Jun-19,14-Sep-23,E,,,,aaron@dolphins.com.au
86 079 087 817,aaron@dolphins.com.au,,20-Jun-19,14-Sep-23,E,,,,aaron@dolphins.com.au
77 435 238 086,ed@oceanpark.com.au,,8-Nov-18,30-Nov-21,T+,management@oceanpark.com.au,,,"ed@oceanpark.com.au, management@oceanpark.com.au"
52 159 369 141,julia@worldsdventures.com.au,10-May-19,19-Mar-19,9-Jul-19,T,,,,julia@worldsdventures.com.au
81 659 673 272,bookings@rivergods.com.au,,6-Dec-17,31-Dec-20,T,,,,bookings@rivergods.com.au
21 597 716 934,mail@topguncharters.com.au,,28-Sep-18,30-Sep-19,T+,,,,mail@topguncharters.com.au
14092 360 430,tcasey@caseytours.com.au,,7-Oct-16,31-Oct-19,T,,,,tcasey@caseytours.com.au
67 437 506 457,info@pembertondiscoverytours.com.au,,22-Dec-17,31-Dec-20,T+,pdt@wn.com.au,,,"info@pembertondiscoverytours.com.au, pdt@wn.com.au"
67 437 506 457,info@pembertondiscoverytours.com.au,,23-Dec-13,31-Dec-19,T,pdt@wn.com.au,,,"info@pembertondiscoverytours.com.au, pdt@wn.com.au"
31 445 027 130,ningalooreefdive@bigpond.com,1-Jan-09,30-Jan-09,31-Dec-23,E,,,,ningalooreefdive@bigpond.com
31 445 027 130,ningalooreefdive@bigpond.com,21-Feb-10,18-Feb-10,20-Feb-20,E,,,,ningalooreefdive@bigpond.com
42 866 418 717,cruise@kimberleyquest.com.au,,22-May-15,30-Jun-20,T+,,,,cruise@kimberleyquest.com.au
16 727 393 926,traudelpalmer@gmail.com,,30-Aug-18,31-Oct-19,T,,,,traudelpalmer@gmail.com
25 097 320 520,tim@travelwild.com.au,,23-May-18,31-May-21,T+,info@kimberleyadventures.com.au,,,"tim@travelwild.com.au, info@kimberleyadventures.com.au"
,sharyn.hickey@uwa.edu.au,1-Sep-04,30-Dec-16,31-Dec-21,T+,,,,sharyn.hickey@uwa.edu.au
33 075 891 271,perthtk@valentinoholidays.com.au,,2-Sep-16,30-Sep-19,T,,,,perthtk@valentinoholidays.com.au
87 109 818 331,info@want-tours.com.au,,16-Jan-19,28-Feb-22,T+,,,,info@want-tours.com.au
96 392 948 455,pdgt@iinet.net.au,,8-Jan-18,31-Jan-21,T+,,,,pdgt@iinet.net.au
80 087 884 045,mmbh@westnet.com.au,,20-May-19,31-May-20,T+,,,,mmbh@westnet.com.au
40 069 461 954,info@travelbug.com.au,,13-Jul-18,31-Jul-19,T+,,,,info@travelbug.com.au
78 207 386 219,lisa@parktours.com.au,,31-Aug-16,31-Aug-21,T+,info@parktours.com.au,lynn@parktours.com.au,,"lisa@parktours.com.au, info@parktours.com.au, lynn@parktours.com.au"
86 123 863 979,bowser@midwest.com.au,,31-Mar-10,31-Dec-23,E,,,,bowser@midwest.com.au
59 611 116 664,info@australianwildlifeadventures.com.au,,31-Jan-17,31-Jan-20,T+,,,,info@australianwildlifeadventures.com.au
16 096 210 838,reservations@ningaloocoralbay.com,21-Feb-10,18-Feb-10,20-Feb-20,E,,,,reservations@ningaloocoralbay.com
16 096 210 838,reservations@ningaloocoralbay.com,20-Feb-10,18-Feb-10,21-Feb-20,E,,,,reservations@ningaloocoralbay.com
,coralbreeze@bigpond.com,21-Feb-10,28-Feb-05,20-Feb-20,E,,,,coralbreeze@bigpond.com
51 010 809 417,pdm@coralexpeditions.com.au,,27-Mar-14,31-Mar-21,T+,,,,pdm@coralexpeditions.com.au
45 053 283 382,johnlowe@aqwa.com.au,,17-Jan-17,29-Feb-20,T,,,,johnlowe@aqwa.com.au
82 010 745 561,tours@crosscountrytours.com.au,,24-Jul-18,31-Jul-21,T,,,,tours@crosscountrytours.com.au
97 833 993 384,crystal@yallingupsurfschool.com,,1-Nov-17,31-Oct-20,T+,,,,crystal@yallingupsurfschool.com
86 073 830 458,per@doa.com.au,,4-Feb-14,29-Feb-20,T+,eijiro@doa.com.au,doahayami@gmail.com,,"per@doa.com.au; eijiro@doa.com.au, doahayami@gmail.com"
34 955 756 120,info@wulaguda.com.au,,29-Jun-18,30-Jun-21,T+,,,,info@wulaguda.com.au
15 441 140 569,david_summers@nols.edu,,2-Jul-12,30-Jun-22,T,,,,david_summers@nols.edu
23 081 503 246,onetide@wn.com.au,,23-Apr-19,31-May-22,T+,gregprouse@westnet.com.au,,,"onetide@wn.com.au,gregprouse@westnet.com.au"
99 528 468 915,info@derbybus.com.au,,19-May-17,30-May-20,T+,,,,info@derbybus.com.au
14 007 702 043,dicklang@dicklang.com.au,,14-Mar-19,31-Mar-20,T,,,,dicklang@dicklang.com.au
931 861 710 96,info@fitzroycrossintourism.com.au,,29-Mar-17,31-Mar-20,T+,fxtourism@sdwk.wa.gov.au,,,"info@fitzroycrossintourism.com.au, fxtourism@sdwk.wa.gov.au"
240 026 23814,richard@excelink.com.au,,27-Jun-19,30-Jun-20,T+,richard@spiritsafaris.com,info@spiritsafaris.com,,"richard@excelink.com.au; richard@spiritsafaris.com, info@spiritsafaris.com"
52 102 339 864,bushwalk@internode.on.net,,24-Jul-18,30-Sep-21,T+,,,,bushwalk@internode.on.net
91 724 865 254,frlmanager@fitzroyriverlodge.com.au,,30-Jun-17,30-Jun-20,T+,,,,frlmanager@fitzroyriverlodge.com.au
97 081 673 743,holiday@aussieperthtours.com.au,,1-Mar-19,28-Feb-22,T,,,,holiday@aussieperthtours.com.au
26 123 658 980,clayton@dareadventures.com.au,,7-May-15,30-Apr-21,T+,,,,clayton@dareadventures.com.au
30 164 141 977,lee@ecoadventuresmargaretriver.com,,20-Oct-17,30-Nov-20,T+,,,,lee@ecoadventuresmargaretriver.com
32 906 526 783,ecocruises@wowwilderness.com.au,,13-Jun-19,31-Jul-22,T+,,,,ecocruises@wowwilderness.com.au
38 419 862 998,geoff@ultimate4wdtraining.com.au,,24-Aug-16,31-Oct-19,T+,,,,geoff@ultimate4wdtraining.com.au
92 073 103 456,john@getabout.edu.au,,16-Feb-18,28-Feb-21,T+,,,,john@getabout.edu.au
,olympia238@icloud.com,,,31-Aug-19,T+,,,,olympia238@icloud.com
,olympia238@icloud.com,,31-Aug-10,31-Aug-16,T+,,,,olympia238@icloud.com
75 078 002 276,admin@globalgypsies.com.au,,21-Mar-18,31-Mar-20,T+,,,,admin@globalgypsies.com.au
71 901 061 208,coralcoasttours@yahoo.com.au,,22-Aug-18,30-Sep-21,T+,,,,coralcoasttours@yahoo.com.au
71 901 061 208,coralcoasttours@yahoo.com.au,,21-Jun-18,30-Jun-20,T+,,,,coralcoasttours@yahoo.com.au
26 892 177 952,manager@gravitycentre.com.au,,18-Nov-16,31-Dec-19,T,,,,manager@gravitycentre.com.au
92 182 629 615,gm@hillarysyachtclub.com.au,,26-Oct-17,30-Nov-22,T,,,,gm@hillarysyachtclub.com.au
66 451 158 673,info@dirtydetours.com,,16-Jan-17,31-Mar-20,T,,,,info@dirtydetours.com
86 079 087 817,terry@dolphins.com.au,,18-Nov-14,31-Dec-21,T,aaron@dolphins.com.au,,,terry@dolphins.com.au; aaron@dolphins.com.au
121 615 490 33,info@adventurewild.com.au,,23-Mar-15,30-Apr-21,T,,,,info@adventurewild.com.au
34 021 869 739,reelteaser@bigpond.com,,24-May-17,30-Jun-22,T+,,,,reelteaser@bigpond.com
71 498 328 841,rrwillis@internode.on.net,,5-May-14,30-Jun-20,T+,,,,rrwillis@internode.on.net
58 008 948 981,adminbunbury@gowesttours.com.au,,17-Nov-17,30-Nov-20,T,,,,adminbunbury@gowesttours.com.au
45 129 055 269,info@sacredearthsafaris.com.au,,21-Feb-19,31-Mar-20,T+,,,,info@sacredearthsafaris.com.au
20 716 553 784,info@downundercoachtours.com.au,15-Aug-19,5-Apr-19,14-Oct-19,T,,,,info@downundercoachtours.com.au
85 002 715 602,operations@scenictours.com,,27-Sep-13,30-Sep-19,T,,,,operations@scenictours.com
34 474 372 309,elena.holmes@suwa.org.au,,16-Mar-17,31-Mar-20,T+,suwa@suwa.org.au,,,"elena.holmes@suwa.org.au, suwa@suwa.org.au"
12 618 337 701,sean@margaretriverdiscovery.com.au,,6-Apr-18,31-May-21,T,,,,sean@margaretriverdiscovery.com.au
93 733 254 087,info@libertinotravel.com,,7-Jun-19,30-Jun-22,T+,,,,info@libertinotravel.com
80 943 433 218,aussieredbacktours@yahoo.com.au,,4-Sep-17,31-Aug-20,T+,,,,aussieredbacktours@yahoo.com.au
70 610 454 512,dunsboroughjetskitours@gmail.com,,4-Dec-18,31-Jan-20,T+,,,,dunsboroughjetskitours@gmail.com
95 118 344 853,info@westernbluedive.com.au,,30-Apr-19,30-Apr-20,T+,,,,info@westernbluedive.com.au
82 121 758 950,ron.calabrese@goadams.com.au,,4-Apr-19,30-Apr-22,T,,,,ron.calabrese@goadams.com.au
30 103 172 381,leo.kriketos@aatkings.com.au,,23-Oct-14,31-Jan-21,T,,,,leo.kriketos@aatkings.com.au
81 075 427 324,coates@iinet.net.au,,11-Apr-19,31-May-22,T+,,,,coates@iinet.net.au
58 107 683 483,andrew@global4wd.com.au,1-Jul-19,15-Apr-19,31-Aug-19,T+,,,,andrew@global4wd.com.au
78 743 395 620,pemhike@wn.com.au,,27-Mar-19,31-Mar-20,T+,,,,pemhike@wn.com.au
69 877 510 860,annette@makehamscoaches.com.au,6-Aug-19,,5-Oct-19,T,,,,annette@makehamscoaches.com.au
30 138 303 787,rob@skyhookhelicopters.com.au,,,31-Jan-20,T+,,,,rob@skyhookhelicopters.com.au
30 138 303 787,rob@skyhookhelicopters.com.au,,26-Feb-19,31-Mar-24,T+,,,,rob@skyhookhelicopters.com.au
28 115 247 053,troy@perthdiving.com.au,,30-Jan-19,31-Jan-22,T+,,,,troy@perthdiving.com.au
22 451 627 039,royalgalatours@bigpond.com,,1-Aug-18,31-Jul-19,T+,,,,royalgalatours@bigpond.com
48 955 234 602,birdingsw@westnet.com.au,,10-Dec-15,31-Jan-22,T+,,,,birdingsw@westnet.com.au
,tours@ningalooblue.com.au,1-Jan-09,18-Jun-12,31-Dec-23,E,,,,tours@ningalooblue.com.au
26 879 090 426,phill.witt@bigpond.com.au,,10-Apr-19,30-Apr-20,T,info@remtrek.com.au,,,phill.witt@bigpond.com.au; info@remtrek.com.au
59 134 652 611,peter@donnellyrivercruises.com.au,,18-May-17,31-May-20,T+,,,,peter@donnellyrivercruises.com.au
95 112 064 016,john@rapidascent.com.au,,20-Aug-18,30-Sep-19,T+,,,,john@rapidascent.com.au
62 010 881 562,info@wildsights.com.au,,23-Jan-19,29-Feb-20,T,,,,info@wildsights.com.au
17 107 110 921,ray@gannaways.com.au,,27-Feb-19,28-Feb-22,T,,,,ray@gannaways.com.au
60 641 508 209,mahimahi1@bigpond.com,,,20-Feb-20,E,,,,mahimahi1@bigpond.com
60 641 508 209,mahimahi1@bigpond.com,21-Feb-10,18-Feb-10,20-Feb-20,E,,,,mahimahi1@bigpond.com
96 077 204 963,matt@villa.com.au,,11-Feb-19,29-Feb-20,T+,david@villa.com.au,,,matt@villa.com.au; david@villa.com.au
63 092 473 704,Lyn@ThomsonCoachlines.com.au,,4-Oct-17,31-Oct-20,T,Brad@ThomsonCoachlines.com.au,,,"Lyn@ThomsonCoachlines.com.au, Brad@ThomsonCoachlines.com.au"
,info@ningalooreefdive.com,,24-Dec-10,31-Dec-23,E,steve@ningalooreefdive.com,,,info@ningalooreefdive.com; steve@ningalooreefdive.com
93 042 874 066,darren.truss@stonestreetscoaches.com.au,16-Aug-19,13-Jun-19,15-Oct-19,T+,,,,darren.truss@stonestreetscoaches.com.au
25 382 057 503,bookings@luxuryoutbacktours.com.au,,30-Aug-18,30-Sep-19,T+,,,,bookings@luxuryoutbacktours.com.au
44 168 061 901,ningpe@bigpond.net.au,,13-Jun-19,30-Jun-22,T+,,,,ningpe@bigpond.net.au
89 080 234 639,info@cross-country.com.au,,25-Jun-19,30-Jun-20,T+,,,,info@cross-country.com.au
57 000 250 635,damon.croke@outwardbound.org.au,,28-Sep-18,30-Sep-21,T,,,,damon.croke@outwardbound.org.au
17 097 317 481,friends@bibbulmuntrack.org.au,,19-May-17,31-May-21,T,linda@bibbulmuntrack.org.au,,,friends@bibbulmuntrack.org.au; linda@bibbulmuntrack.org.au
15 088 733 751,manager@greatescapecruises.com.au,,14-Mar-17,31-Aug-25,T+,,,,manager@greatescapecruises.com.au
80 072 214 843,charters@diverse-karma4.com,,28-Mar-18,31-Mar-21,T+,dws_crew@bigpond.net.au,,,"charters@diverse-karma4.com, dws_crew@bigpond.net.au"
97 220 820 144,brett@ningalooflyfishing.com.au,,29-Aug-18,31-Aug-19,T+,,,,brett@ningalooflyfishing.com.au
90 054 915 546,bmeavaccounts@westnet.com.au,,26-Jun-19,30-Jun-20,T+,,,,bmeavaccounts@westnet.com.au
82 096 610 454,info@butebuses.com.au,1-Jul-19,,31-Aug-19,T,,,,info@butebuses.com.au
42699316830,candl.haidley@bigpond.com,1-Jul-19,24-May-19,31-Aug-19,T,,,,candl.haidley@bigpond.com
31 189 248 974,wjlavis@matbay.com.au,,12-Jan-18,31-Dec-21,T,,,,wjlavis@matbay.com.au
93 001 809 749,katie@cowans.com.au,29-Jul-19,16-May-19,28-Sep-19,T,,,,katie@cowans.com.au
85 067 299 067,mills.w@bigpond.com,,22-Nov-18,30-Nov-21,T+,info@bluelightningfishingcharters.com.au,,,"mills.w@bigpond.com, info@bluelightningfishingcharters.com.au"
38 149 113 452,cascadetours@bigpond.com,,8-Jan-18,31-Jan-20,T+,,,,cascadetours@bigpond.com
39 199 812 868,ecology@westnet.com.au,,16-May-19,30-Jun-20,T+,,,,ecology@westnet.com.au
95 100 915 624,info@superrootours.com.au,,28-Mar-19,31-Mar-20,T+,,,,info@superrootours.com.au
83 463 144 525,bruce@unreeladventures.com,,7-Jun-19,30-Jun-20,T+,,,,bruce@unreeladventures.com
21597716934,mail@topguncharters.com.au,,5-Nov-10,31-Dec-23,E,,,,mail@topguncharters.com.au
97 126 540 237,simon@inspirationoutdoors.com.au,,24-May-19,31-May-22,T+,,,,simon@inspirationoutdoors.com.au
94 065 218 126,jaimen@esperancedivingandfishing.com.au,,27-Oct-17,31-Dec-20,T+,,,,jaimen@esperancedivingandfishing.com.au
,accounts@exmouthdiving.com.au,,10-Dec-12,31-Dec-23,E,,,,accounts@exmouthdiving.com.au
,accounts@exmouthdiving.com.au,,6-Apr-16,30-Apr-21,T,,,,accounts@exmouthdiving.com.au
52 153 910 902,executive@saferight.com.au,,22-Dec-17,31-Dec-20,T+,lwillis@saferight.com.au,legal@saferight.com.au,,"executive@saferight.com.au; lwillis@saferight.com.au, legal@saferight.com.au"
,claire@wharncliffemill.com.au,,11-Jan-13,31-Jan-23,T,,,,claire@wharncliffemill.com.au
51 162 909 257,ycbt@yardiecreekboattours.com.au,19-Mar-13,20-Mar-13,18-Mar-23,E,,,,ycbt@yardiecreekboattours.com.au
51 162 909 257,ycbt@yardiecreekboattours.com.au,,29-Jun-17,31-Aug-20,T+,,,,ycbt@yardiecreekboattours.com.au
38 713 417 734,ellie.mckie@westnet.com.au,,19-Oct-17,31-Oct-20,T+,,,,ellie.mckie@westnet.com.au
86148538033,info@mrholidayhomes.com,,8-Feb-19,29-Feb-20,T+,,,,info@mrholidayhomes.com
91 743 976 518,clinton.walker@ngurrangga.com.au,,10-Jul-18,30-Sep-20,T+,georgia@nyfl.org.au,,,"clinton.walker@ngurrangga.com.au, georgia@nyfl.org.au"
90 337 699 511,suzan@tourswithatwist.com.au,,23-Oct-18,30-Nov-19,T,info@tourswithatwist.com.au,,,"suzan@tourswithatwist.com.au, info@tourswithatwist.com.au"
31 151 386 480,info@capetocapetours.com.au,,16-Aug-17,31-Oct-24,T,,,,info@capetocapetours.com.au
85 607 291 934,info@westernranch.com.au,,23-Apr-19,30-Apr-20,T+,,,,info@westernranch.com.au
94 135 771 194,eddy@peaksportfishing.com.au,,27-Jul-16,31-Jul-19,T,,,,eddy@peaksportfishing.com.au
40 016 908 727,pete@flyingsandgroper.com.au,,18-May-17,31-May-20,T,,,,pete@flyingsandgroper.com.au
85 851 470 015,exmouthbuscharters@westnet.com.au,,14-May-19,30-Jun-22,T,,,,exmouthbuscharters@westnet.com.au
33 018 949 539,accounts@bluejuicecharters.com.au,,1-Aug-18,31-Jul-19,T+,,,,accounts@bluejuicecharters.com.au
34 409 490 661,frazer_mcgregor@yahoo.com.au,24-Oct-11,26-Oct-11,20-Feb-20,E,,,,frazer_mcgregor@yahoo.com.au
81 351 933 136,newty777@hotmail.com,,19-Sep-18,31-Oct-19,T+,,,,newty777@hotmail.com
60 682 199 385,eed1975@hotmail.com,,26-Apr-18,30-Apr-21,T+,,,,eed1975@hotmail.com
33 727 937 810,inala@inalanaturetours.com.au,,7-Jun-19,30-Jun-22,T+,,,,inala@inalanaturetours.com.au
41 400 136 051,info@esperancetours.com.au,,22-Aug-18,31-Aug-19,T,,,,info@esperancetours.com.au
56 165 505 260,enquiries@charternorth.com.au,,23-Jan-19,31-Mar-22,T+,,,,enquiries@charternorth.com.au
67 167 443 709,steve@wagravityenduro.org,,11-Jan-18,31-Mar-20,T+,,,,steve@wagravityenduro.org
53 268 196 684,brayden@otech.net.au,,4-Jan-18,28-Feb-21,T+,,,,brayden@otech.net.au
79 168 885 649,info@kimberleysafaris.com.au,,23-Apr-19,30-Jun-22,T+,,,,info@kimberleysafaris.com.au
21 108 807 101,CruiseOps.Darwin@ISS-Shipping.com,6-Apr-19,15-Jan-19,21-Jun-19,T+,conradc@silversea.com,darwin@ISS-Shipping.com,,"CruiseOps.Darwin@ISS-Shipping.com, conradc@silversea.com, darwin@ISS-Shipping.com"
13 169 979 695,info@twatours.com.au,,25-Jun-19,31-Jul-20,T+,,,,info@twatours.com.au
73 082 882 021,kabseil@bigpond.net.au,,7-Jun-19,30-Jun-22,T,,,,kabseil@bigpond.net.au
96 639 726 295,bob@pottertravel.com.au,7-Aug-19,8-Jul-19,6-Oct-19,T,,,,bob@pottertravel.com.au
94 133 230 127,marketing@iorl.com.au,,4-Oct-18,31-Oct-21,T,,,,marketing@iorl.com.au
,terry@dolphins.com.au,,20-Jun-19,14-Sep-23,E,,,,terry@dolphins.com.au
34 142 533 113,aaron@venturenorth.com.au,,19-May-17,30-May-20,T+,,,,aaron@venturenorth.com.au
52 140 282 257,aurora.t@bigpond.net.au,,24-Apr-19,30-Apr-20,T,,,,aurora.t@bigpond.net.au
47 256 441 446,jayson@hospitality.com.au,,29-Jun-18,31-Aug-19,T,,,,jayson@hospitality.com.au
34 517 520 755,troybennell1@gmail.com,,1-May-17,30-Apr-20,T,,,,troybennell1@gmail.com
42 156 434 892,carlisle@4wdtourings.com.au,1-May-19,11-Apr-19,30-Jun-19,T,,,,carlisle@4wdtourings.com.au
27 330 551 809,sheppard.kirsten@gmail.com,,11-Dec-17,31-Dec-20,T+,info@diveningaloo.com.au,,,"sheppard.kirsten@gmail.com, info@diveningaloo.com.au"
21 891 078 899,info@rockandrollmountainbiking.com.au,,30-Jan-19,31-Jan-20,T+,,,,info@rockandrollmountainbiking.com.au
91 145 990 530,info@onstrike.com.au,,8-Aug-17,30-Sep-20,T,,,,info@onstrike.com.au
58 072 295 280,richard@adventureoffroadtraining.com,,19-Aug-16,31-Aug-22,T+,,,,richard@adventureoffroadtraining.com
16 800 8697,skylinetoursperth@yahoo.com.au,,30-May-19,31-May-20,T+,,,,skylinetoursperth@yahoo.com.au
,mail@topguncharters.com.au,5-Sep-11,8-Sep-11,31-Dec-23,E,,,,mail@topguncharters.com.au
59 112671824,jono@exmouthflyfishing.com.au,,1-Mar-18,30-Apr-22,T+,,,,jono@exmouthflyfishing.com.au
39 383 227 805,contact@outbackcamptours.com,,28-Jun-18,31-Jul-20,T,,,,contact@outbackcamptours.com
24 102 342 978,toni@funoverfifty.com.au,,6-Apr-17,30-Apr-20,T+,,,,toni@funoverfifty.com.au
,CruiseOps.Darwin@ISS-Shipping.com,,24-Jun-19,30-Jun-20,T+,operations@salenship.com,,,"CruiseOps.Darwin@ISS-Shipping.com, operations@salenship.com"
81 886 886 183,craigbelton1@hotmail.com,,2-Oct-18,31-Oct-21,T+,,,,craigbelton1@hotmail.com
11 167 521 164,info@walkintoluxury.com.au,,2-Mar-18,28-Feb-21,T+,nikki@walkintoluxury.com.au,,,info@walkintoluxury.com.au; nikki@walkintoluxury.com.au
96 823 776 989,brett@auswalk.com.au,,23-Jan-17,31-Mar-22,T,,,,brett@auswalk.com.au
95 232 279 647,kalcanoe@wn.com.au,,10-May-17,30-Jun-20,T+,,,,kalcanoe@wn.com.au
49 169 183 519,info@emu-tours.com.au,,4-May-18,31-Jul-21,T+,,,,info@emu-tours.com.au
45 163 163 559,brian.e.dahl@gmail.com,,18-Jul-18,30-Sep-21,T+,ronny.dahl@gmail.com,elsemarie.dahl@gmail.com,,"brian.e.dahl@gmail.com, ronny.dahl@gmail.com, elsemarie.dahl@gmail.com"
,info@ningaloodiscovery.com.au,1-Jan-15,2-Jan-15,31-Dec-23,E,,,,info@ningaloodiscovery.com.au
32 830 597 383,info@southwestecodiscoveries.com.au,,6-May-19,31-May-26,T,,,,info@southwestecodiscoveries.com.au
96 475 116 939,sue@adventurouswomen.com.au,,13-Mar-17,30-Apr-20,T+,,,,sue@adventurouswomen.com.au
40 151 672 445,hr@monkeymiawildsights.com.au,,31-May-18,31-May-20,T+,accounts@monkeymiawildsights.com,bookings@wildsights.com.au,.au,"hr@monkeymiawildsights.com.au, accounts@monkeymiawildsights.com,bookings@wildsights.com.au .au"
61 151 865 762 ,maitland.parker@internode.on.net,,4-May-18,31-May-21,T+,,,,maitland.parker@internode.on.net
91 372 104 681,seaforcecoralbay@gmail.com,1-Jul-13,4-Jul-13,20-Feb-20,E,,,,seaforcecoralbay@gmail.com
77 502 087 311,info@jestersflat.com,,21-Mar-19,31-Mar-20,T+,,,,info@jestersflat.com
86 564 150 879,opsalbany@busybluebus.com.au,,21-Mar-18,30-Apr-21,T+,,,,opsalbany@busybluebus.com.au
28 357 102 016,ed@instyleadventures.com.au,,30-Jan-18,28-Feb-21,T+,,,,ed@instyleadventures.com.au
86 450 021 377,info@exmouthsurfcentre.com.au,,24-Aug-18,31-Aug-21,T+,,,,info@exmouthsurfcentre.com.au
57 867 907 214,hal@capricornseakayaking.com.au,,5-Apr-17,31-Mar-20,T+,,,,hal@capricornseakayaking.com.au
46 600 042 653,contact@dirtskillsmargaretriver.com,,20-Aug-18,31-Aug-19,T+,,,,contact@dirtskillsmargaretriver.com
79 141 336 151,spacechameleon@gmail.com,,24-Aug-18,30-Sep-19,T+,,,,spacechameleon@gmail.com
75 937 088 962,kane@turquoisesafaris.com.au,,16-Oct-18,31-Dec-21,T+,info@sealioncharters.com.au,,,"kane@turquoisesafaris.com.au, info@sealioncharters.com.au"
75 937 088 962,kane@turquoisesafaris.com.au,,14-Jun-19,30-Jun-22,T,info@sealioncharters.com.au,,,"kane@turquoisesafaris.com.au, info@sealioncharters.com.au"
18 092 386 605,admin@explore-wa.net,,18-Feb-19,31-Mar-20,T+,,,,admin@explore-wa.net
35 805 027 289,neville@offroaddreaming.com.au,,26-Jun-17,30-Jun-20,T,info@offroaddreaming.com.au,,,"neville@offroaddreaming.com.au, info@offroaddreaming.com.au"
18 862 187 768,glynn@westernwilderness4wd.com.au,,24-Jul-18,31-Jul-20,T+,glynnwilliams1@gmail.com,,,glynn@westernwilderness4wd.com.au; glynnwilliams1@gmail.com
67 138 828 029,jayc@ecoabrolhos.com.au,,21-Oct-16,31-Oct-19,T,bookkeeper@ecoabrolhos.com.au,,,"jayc@ecoabrolhos.com.au, bookkeeper@ecoabrolhos.com.au"
65 071 495 960,David@cottesloesurf.com.au,,1-Dec-14,31-Dec-17,T+,,,,David@cottesloesurf.com.au
,info@snorkelningaloo.com.au,,14-Dec-18,31-Jan-20,T+,,,,info@snorkelningaloo.com.au
92 619 813 437,pgamero@perthtourswa.com.au,,9-Feb-18,28-Feb-21,T,,,,pgamero@perthtourswa.com.au
81 948 248 683,justin.majeks@surfingwa.com.au,,10-May-19,31-May-20,T+,,,,justin.majeks@surfingwa.com.au
88 076 712 831,paul.cripps@helispirit.com.au,,20-Dec-18,31-Jan-22,E,,,,paul.cripps@helispirit.com.au
88 076 712 831,paul.cripps@helispirit.com.au,,21-Feb-17,31-Dec-21,E,,,,paul.cripps@helispirit.com.au
24 453 905 468,tours@margaretriverexposed.com.au,,9-Mar-18,30-Apr-22,T+,hankdurlik@yahoo.com,,,"tours@margaretriverexposed.com.au, hankdurlik@yahoo.com"
58 475 322 374,visit@margaretriveradventure.com.au,,24-Apr-19,30-Apr-20,T+,,,,visit@margaretriveradventure.com.au
62 009 308 105,operations@adventureout.com.au,,,30-Jun-23,T+,,,,operations@adventureout.com.au
84 865 678 387,info@safaris.net.au,,16-May-18,31-May-20,T,,,,info@safaris.net.au
79 432 525 940,chris@odysseyexpeditions.com.au,,23-Mar-15,31-Mar-21,T,,,,chris@odysseyexpeditions.com.au
98 988 394 757,underwood@eftel.com.au,,17-Jan-19,31-Jan-22,T+,,,,underwood@eftel.com.au
14 051 678 212,res@diamantina-tour.com.au,,28-Apr-17,30-Apr-20,T,,,,res@diamantina-tour.com.au
44 004 684 619,robyn.lelliott@aptouring.com.au,,18-Apr-19,31-Jul-22,T+,,,,robyn.lelliott@aptouring.com.au
29 118 896 291,documentcontrol@austransit.com.au,,7-Nov-16,30-Nov-19,T+,bookings@robertslt.com,,,"documentcontrol@austransit.com.au, bookings@robertslt.com"
82 107 252 619,michael@worldexpeditions.com.au,,22-Aug-13,31-Aug-20,T+,,,,michael@worldexpeditions.com.au
22 079 778 055,outback@outbackin.com.au,,16-Jan-17,31-Jan-20,T+,sheryll@outbackin.com.au,,,outback@outbackin.com.au; sheryll@outbackin.com.au
96 168 324 871,kieran@dirkhartogisland.com,,10-Jan-18,31-Mar-20,T+,,,,kieran@dirkhartogisland.com
74 064 619 969,sales@bluelagoon.com.au,,27-Jun-18,30-Jun-22,T,rob@marineeasyclean.com.au,,,"sales@bluelagoon.com.au, rob@marineeasyclean.com.au"
25 981 499 326,andrewm@nulinecharter.com.au,1-Aug-19,8-Jul-19,30-Sep-19,T,,,,andrewm@nulinecharter.com.au
49 539 003 669,pete@edgetours.com.au,,23-Jan-17,31-Jan-20,T+,,,,pete@edgetours.com.au
48243164044,paul@tagalongtours.com.au,1-Jun-19,9-May-19,31-Jul-19,T,,,,paul@tagalongtours.com.au
39 106 723 979,keshimerexpeditions@yahoo.com.au,,24-May-17,31-May-20,T+,,,,keshimerexpeditions@yahoo.com.au
92 206 549 714,admin@jetskitoursperth.com.au,,30-Nov-18,30-Nov-19,T+,,,,admin@jetskitoursperth.com.au
99 351 718 810,info@jumpnpumpnation.com,,19-Jun-18,30-Jun-20,T+,ianbbear@gmail.com,,,"info@jumpnpumpnation.com, ianbbear@gmail.com"
57 883 358 179,info@meelupbeachhire.com,,11-Dec-18,31-Jan-20,T+,,,,info@meelupbeachhire.com
11 820 446 077,info@perthpt.com,,13-Dec-18,31-Jan-20,T+,,,,info@perthpt.com
70 872 273 307,emma@westcoastheliscene.com,,24-Apr-19,30-Apr-22,T+,,,,emma@westcoastheliscene.com
86 612 722 648,info@kimberleyoffroadtours.com,,21-Dec-17,31-Dec-20,T,,,,info@kimberleyoffroadtours.com
50 627 116 581,Hi@whynotbus.com,,25-Feb-19,29-Feb-20,T,,,,Hi@whynotbus.com
61 644 537 225,tuxstal@yahoo.com,,6-Jun-18,31-May-21,T+,,,,tuxstal@yahoo.com
13 607 160 823,benjaminyou@foxmail.com,,9-Feb-18,30-Apr-21,T+,,,,benjaminyou@foxmail.com
67 658 838 920,didier@didierwalks.com.au,,1-Mar-19,31-Aug-19,T,,,,didier@didierwalks.com.au
58 096 566 255,campers@iinet.net.au,,31-Oct-18,31-Oct-19,T,dhgoulding@bigpond.com,,,"campers@iinet.net.au, dhgoulding@bigpond.com"
72 074 286 436,jocelyn.evans@rightfootforwardwa.com.au,,6-Jul-18,31-Aug-22,T,,,,jocelyn.evans@rightfootforwardwa.com.au
75 334 305 522,eludenator@gmail.com,,13-May-19,31-May-20,T+,,,,eludenator@gmail.com
93 998 112 840,perthquad@gmail.com,,21-Nov-18,31-Dec-28,T+,,,,perthquad@gmail.com
17 137 177 845,bookings@citybus.net.au,,8-Apr-19,30-Apr-20,T,kassziv@hotmail.com,,,"bookings@citybus.net.au, kassziv@hotmail.com"
,james@oceanecoadventures.com.au,,29-Mar-19,31-Mar-22,T,,,,james@oceanecoadventures.com.au
27125058648,wildtravel@bigpond.com,,8-Apr-15,31-Mar-21,T+,,,,wildtravel@bigpond.com
66 141 243 790,dr_peter_turner@bigpond.com,30-Jun-11,1-Mar-16,20-Feb-20,E,,,,dr_peter_turner@bigpond.com
48 145 617 358,nick@trektoursaustralia.com.au,,7-Jun-19,30-Jun-22,T+,,,,nick@trektoursaustralia.com.au
89 616 768 202,allseacharters@gmail.com,,11-Jul-19,31-Jul-20,T+,,,,allseacharters@gmail.com
86 445 312 739,contact@whalewatchwesternaustralia.com,,24-Aug-18,31-Aug-19,T+,,,,contact@whalewatchwesternaustralia.com
53 983 463 998,mrsurf2@bigpond.net.au,,15-Aug-16,31-Aug-22,T+,,,,mrsurf2@bigpond.net.au
89 144 811 576,peter@jetadventures.com.au,,28-Oct-16,30-Nov-19,T+,,,,peter@jetadventures.com.au
23 107 998 443,cruiseops.Australia@iss-shipping.com,,16-Jan-18,31-Jan-20,T+,,,,cruiseops.Australia@iss-shipping.com
23 107 998 443,cruiseops.Australia@iss-shipping.com,,16-Jan-18,31-Jan-20,T+,,,,cruiseops.Australia@iss-shipping.com
35 096 936 711,elyse@corsaire.com.au,,17-Jan-19,31-Jan-20,T+,,,,elyse@corsaire.com.au
92 607 321 531,paul@sbcoaches.com.au,28-Aug-19,19-Mar-19,27-Oct-19,T,,,,paul@sbcoaches.com.au
92 608 104 801,manager@ultimatewatersports.com.au,,30-Apr-19,30-Apr-20,T+,,,,manager@ultimatewatersports.com.au
98 661 467 908 ,Mick@njakinjaki.com.au,,13-Apr-17,30-Apr-20,T,tours@njakinjaki.com.au,Michael@njakinjaki.com.au,,"Mick@njakinjaki.com.au, tours@njakinjaki.com.au, Michael@njakinjaki.com.au"
26 617 436 174,bill@ecomap.com.au,9-Jun-19,20-May-19,8-Aug-19,T+,,,,bill@ecomap.com.au
13 899 692 084,kayaktrainingwa@live.com.au,,7-Jun-19,30-Jun-22,T+,,,,kayaktrainingwa@live.com.au
45 944 204 073,kayakningaloo@hotmail.com,,7-Sep-17,20-Feb-20,E,,,,kayakningaloo@hotmail.com
12 379 193 489,justinmartin@live.com.au,,21-Sep-17,30-Sep-20,T+,,,,justinmartin@live.com.au
14 536 312 066,gavin@gpsadventuretourswa.com.au,,23-Apr-19,30-Apr-22,T,,,,gavin@gpsadventuretourswa.com.au
79 307 143 874,collardjo@yahoo.com,,15-Mar-18,31-Mar-21,T,,,,collardjo@yahoo.com
,CruiseOps.Australia@ISS-Shipping.com,,10-Dec-18,31-Jan-20,T+,,,,CruiseOps.Australia@ISS-Shipping.com
73 368 895 224,evolutionfishingcharters@gmail.com,,12-Jul-18,31-Jul-19,T,,,,evolutionfishingcharters@gmail.com
91 670 526 393,damiengelu@me.com,,2-Feb-18,29-Feb-20,T+,mary.barrett_gelu@dbca.wa.gov.au,,,"damiengelu@me.com, mary.barrett_gelu@dbca.wa.gov.au"
35 601 256 570 ,james@latitudecharters.com.au,9-Mar-15,,31-Dec-23,E,,,,james@latitudecharters.com.au
37 383 190 374,stuart@adventuretrainingconsultants.com.au,,24-Apr-19,30-Apr-20,T+,,,,stuart@adventuretrainingconsultants.com.au
16 155 160 133,info@ningaloowhalesharks.com,,8-Aug-17,31-Aug-20,T+,,,,info@ningaloowhalesharks.com
49 616 571 629,rbesso@wavecrest.net.au,,30-May-18,31-May-23,T+,,,,rbesso@wavecrest.net.au
58 121 894 997,wayne.roberts@hummersafariswa.com.au,,22-May-18,31-Jul-19,T+,,,,wayne.roberts@hummersafariswa.com.au
31 454 688 679,perthbirdsandbush@gmail.com,,28-Oct-16,30-Nov-19,T+,,,,perthbirdsandbush@gmail.com
86 526 902 187,admin@montebello.com.au,,1-Dec-16,31-Dec-19,T+,kwmarine@bigpond.com,,,"admin@montebello.com.au, kwmarine@bigpond.com"
,paul.cripps@helispirit.com.au,,23-Mar-16,31-May-22,E,,,,paul.cripps@helispirit.com.au
11 610 581 881,info@redearthsafaris.com.au,,17-Mar-17,30-Apr-20,T,,,,info@redearthsafaris.com.au
58 156 184 226,westcoastpilot@hotmail.com,,23-Aug-17,31-Aug-20,T+,Di.westcoastsea@hotmail.com,,,"westcoastpilot@hotmail.com, Di.westcoastsea@hotmail.com"
35 166 676 517,mfogg@ponant.com,23-May-19,24-May-19,31-Aug-19,T+,,,,mfogg@ponant.com
80 230 837 721,diveshed@compwest.net.au,,20-Nov-18,30-Nov-19,T+,alecia@diveshed.com.au,,,"diveshed@compwest.net.au, alecia@diveshed.com.au"
92 412 953 509,info@margaretriversurfschool.com,,22-Sep-16,31-Aug-22,T+,,,,info@margaretriversurfschool.com
80 602 946 369,claudia@preciousbreath.com.au,,19-Sep-18,31-Oct-19,T+,,,,claudia@preciousbreath.com.au
66 870 748 151,karriskye@hotmail.com,,21-Feb-19,29-Feb-20,T+,info@jurienbayoceanic.com.au,,,"karriskye@hotmail.com, info@jurienbayoceanic.com.au"
32 145 530 746,tkstack@outlook.com,,16-Jan-18,31-Jan-20,T+,,,,tkstack@outlook.com
60 287 738 263,southernflora@iinet.net.au,,3-Apr-19,30-Apr-20,T+,tours@southernflora.com.au,,,"southernflora@iinet.net.au, tours@southernflora.com.au"
86 126 760 281,admin@yeeda.com.au,,3-May-17,31-May-20,T,jason@yeeda.com.au,,,"admin@yeeda.com.au, jason@yeeda.com.au"
91 468 462 378,azmanbinomar@bigpond.com,,17-May-17,31-May-20,T+,paul@oakprojects.com.au,,,"azmanbinomar@bigpond.com, paul@oakprojects.com.au"
20 618 352 257,info@watravelmasters.com,,27-Jun-19,30-Jun-20,T,au,dingyanqin2015@gmail.com,,"info@watravelmasters.com,au, dingyanqin2015@gmail.com"
53264073039,andypac04@yahoo.com,,23-Aug-18,31-Aug-19,T+,sales@dromsdeights.com,,,"andypac04@yahoo.com, sales@dromsdeights.com"
64 605 431 027,offthebeatentrackwa@gmail.com,,6-Sep-18,30-Sep-21,T+,,,,offthebeatentrackwa@gmail.com
 71 752 346 650,yasu0426@gmail.com,,15-Feb-19,29-Feb-20,T,,,,yasu0426@gmail.com
29122558123,craig@perranconsulting.com.au,,21-Feb-18,28-Feb-21,T+,info@standupsurfing.com.au,,,"craig@perranconsulting.com.au, info@standupsurfing.com.au"
49603865596,ahts@outlook.com.au,,2-Nov-18,30-Nov-19,T,,,,ahts@outlook.com.au
24 215 608 508,perthyogaretreats@gmail.com,,10-Jul-18,31-Jul-19,T+,,,,perthyogaretreats@gmail.com
65970830558,sales@unplugrentals.com,,27-Feb-19,29-Feb-20,T,,,,sales@unplugrentals.com
,accounts@exmouthdiving.com.au,,24-Mar-15,31-Dec-23,E,,,,accounts@exmouthdiving.com.au
54 603 046 180,bezza4_@hotmail.com,,14-Jul-15,31-Jul-20,T+,,,,bezza4_@hotmail.com
6.85E+12,censure@iinet.net.au,,8-Apr-19,30-Apr-20,T,enquiries@bluetonguetours.com,Martial@censure.com.au,,"censure@iinet.net.au, enquiries@bluetonguetours.com, Martial@censure.com.au"
74 600 792 925,trudi@educatedbynature.com,,8-Aug-17,31-Aug-19,T+,,,,trudi@educatedbynature.com
66 220 421 620,info@absoluteoceancharters.com.au,,21-Jun-18,30-Jun-21,T,,,,info@absoluteoceancharters.com.au
16 166 746 907,sofian@adelphiexecutivecharter.com.au,,22-Apr-16,30-Apr-22,T+,,,,sofian@adelphiexecutivecharter.com.au
17 607 682 119,info@exploretoursperth.com,,10-Aug-17,31-Aug-20,T+,,,,info@exploretoursperth.com
78 130 257 155,mckelllaurie@gmail.com,,30-Oct-18,30-Nov-19,T+,,,,mckelllaurie@gmail.com
19 163 537 620,info@ningaloodiscovery.com.au,,,31-Dec-23,E,,,,info@ningaloodiscovery.com.au 
68074772866,dirk@margaretrivernaturetours.com.au,,28-Mar-18,31-Mar-20,T,booking@margaretrivernaturetours.com.au,,,"dirk@margaretrivernaturetours.com.au, booking@margaretrivernaturetours.com.au"
64 005 181 315,platinum_surveys@me.com,,21-Aug-17,31-Aug-19,T+,,,,platinum_surveys@me.com
85 233 609 185,info@ntbirdspecialists.com.au,28-May-19,16-May-19,27-Jul-19,T,,,,info@ntbirdspecialists.com.au
52 009 262 775,rick_the_fish@hotmail.com,,12-Jun-18,30-Jun-20,T+,,,,rick_the_fish@hotmail.com
23 168 253 085,tremayne.pirnie@rac.com.au,,31-Aug-18,31-Oct-21,T,manager@rackarrivalleyresort.com.au,,,"tremayne.pirnie@rac.com.au, manager@rackarrivalleyresort.com.au"
30 998 709 273,perthluxurytours@hotmail.com,,5-Jul-17,31-Jul-20,T,,,, perthluxurytours@hotmail.com              
69 247 559 727,admin@oceandreamcharters.com.au,,31-Jul-16,31-Jul-21,T+,cherie@oceandreamcharters.com.au,,,"admin@oceandreamcharters.com.au, cherie@oceandreamcharters.com.au"
13 603 204 388,peter@kimberleypearlcharters.com.au,,12-Aug-16,31-Aug-20,T+,,,,peter@kimberleypearlcharters.com.au
40 219 824 204,book@poornarti.com.au,,7-Sep-17,30-Sep-19,T,,,,book@poornarti.com.au
58 627 679 248,honey_jar@live.com,,30-Nov-18,30-Nov-19,T+,gmhelicopters@icloud.com,,,"honey_jar@live.com, gmhelicopters@icloud.com"
56 970 409 005,scott@kimberleyspirit.com,,23-May-19,31-May-20,T,,,,scott@kimberleyspirit.com
,sonia@liveningaloo.com.au,1-Jan-09,,31-Dec-23,E,murray@liveningaloo.com.au,info@liveningaloo.com.au,,sonia@liveningaloo.com.au;  murray@liveningaloo.com.au; info@liveningaloo.com.au
,anchitravel@gmail.com,,22-Aug-18,31-Aug-19,T,,,,anchitravel@gmail.com
61 193 290 458,info@outbackhorizons.com.au,,21-Mar-19,30-Apr-22,T,,,,info@outbackhorizons.com.au
53 609 375 008,leigh@kimberleyairtours.com.au,,22-Jun-18,30-Jun-21,T,,,,leigh@kimberleyairtours.com.au
56 608 681 456,discoveryone@live.com.au,,28-Jun-18,30-Jun-21,T+,jo@awayatbyronbay.com.au,,,"discoveryone@live.com.au, jo@awayatbyronbay.com.au"
59 552 833 697,michael@mrmtbtours.com.au,,22-Sep-17,31-Oct-20,T,,,,michael@mrmtbtours.com.au
79 608 446 206,vic@easygoingaustralia.com,,11-Jul-18,31-Aug-19,T,,,,vic@easygoingaustralia.com
62 606 920 969,coralbay2009@gmail.com,,28-Oct-16,30-Nov-19,T,seaandsunservices@gmail.com,,,coralbay2009@gmail.com;  seaandsunservices@gmail.com
31 615 257 291,qisong@juyotravelwa.com,,5-Dec-18,31-Jan-20,T,phildong@juyotravelwa.com,bookings@juyotravelwa.com,timothyguo@juyotravelwa.com,"qisong@juyotravelwa.com, phildong@juyotravelwa.com, bookings@juyotravelwa.com, timothyguo@juyotravelwa.com"
72 159 643 437,kamarul@simplyark.com,,23-Nov-16,30-Nov-20,T,,,,kamarul@simplyark.com
36 979 205 968,gomac@westnet.com.au,,31-Oct-18,31-Dec-19,T+,,,,gomac@westnet.com.au
68 990 843 825,markus@friendsofadventure.org,,8-Oct-18,31-Dec-19,T+,,,,markus@friendsofadventure.org
81 479 980 037,aoyantravel@yahoo.com,,5-Dec-18,31-Jan-22,T,,,,aoyantravel@yahoo.com
20 667 471 327,garrrth@hotmail.com,,13-Nov-17,31-Dec-20,T+,info@sharkbaycoastaltours.com.au,,,"garrrth@hotmail.com, info@sharkbaycoastaltours.com.au"
85 615 618 847,info@ladymcruising.com,,23-Mar-18,31-Mar-25,T+,,,,info@ladymcruising.com
98 680 728 024,darcy@rivalideas.com.au,,30-Jan-19,31-Jan-20,T,info@margaretrivertouringco.com.au,,,"darcy@rivalideas.com.au, info@margaretrivertouringco.com.au"
64 763 394 824,carl@aussieoverlander.com.au,,30-Apr-19,30-Apr-22,T,,,,carl@aussieoverlander.com.au
12064374143,admin@adventureworkswa.com.au,,21-Feb-18,30-Apr-20,T+,,,,admin@adventureworkswa.com.au
98 116 125 823,info@nauticaladventures.com.au,,29-Nov-18,30-Nov-21,T+,,,,info@nauticaladventures.com.au
38 009 400 337,chris@club55.com.au,,9-Jul-18,30-Sep-19,T+,,,,chris@club55.com.au
,erika@edgewalkers.com.au,,1-Oct-18,31-Oct-19,T,,,,erika@edgewalkers.com.au
94 310 299 647,info@sharkbaytours.com,,1-Nov-17,31-Oct-20,T,amandadobney@gmail.com,info@sharkbaycottages.com.au,,"info@sharkbaytours.com, amandadobney@gmail.com, info@sharkbaycottages.com.au"
73 159 159 056,flick@truelytribal.com.au,1-Jul-19,29-May-19,31-Aug-19,T,,,,flick@truelytribal.com.au
36 451 056 397,robertjlee@mail.com,,12-Jun-17,30-Jun-20,T+,eptorres@iinet.net.au,,,"robertjlee@mail.com, eptorres@iinet.net.au"
86 502 118 179,dia-yoga@outlook.com,17-May-19,7-May-19,16-Jul-19,T,,,,dia-yoga@outlook.com
96 155 574 968,cabsoncall@outlook.com,,19-Jun-18,,T,,,,cabsoncall@outlook.com
93 816 238 549,glenno31@hotmail.com,,21-Feb-18,31-Mar-21,T,,,,glenno31@hotmail.com
66 907 004 253,info@pdtp.com.au,,21-Feb-18,30-Apr-21,T,,,,info@pdtp.com.au
76 612 560 166,melina@perthtrailseries.com.au,,20-Sep-18,30-Apr-20,T+,,,,melina@perthtrailseries.com.au
34 605 977 151,michael@agrivisiongroup.com.au,20-Apr-17,,31-May-22,E,,,,michael@agrivisiongroup.com.au
76 614 950 999,nick@riftvalleyadventures.com,,15-May-18,31-May-21,T,,,,nick@riftvalleyadventures.com
276 1236 1836,shaun@ultraserieswa.com.au,,,31-Oct-19,T,,,,shaun@ultraserieswa.com.au
,contact@escapetowa.com,,29-May-19,31-May-20,T,menglei05@yahoo.com,,,"contact@escapetowa.com, menglei05@yahoo.com"
19 153 841 920,perthcharlie@hotmail.com,,12-Nov-18,30-Nov-19,T,,,,perthcharlie@hotmail.com
89 160 329 108,fishntrips@westnet.com.au,,1-Jun-18,31-Jul-19,T,,,,fishntrips@westnet.com.au
33131246659,admin@denmarkrivermouthcaravanpark.com.au,,28-Jul-17,31-Jul-20,T,,,,admin@denmarkrivermouthcaravanpark.com.au
346 087 161 87,justin@coralcoasthelicopters.com.au,,20-Sep-18,30-Sep-21,T+,,,,justin@coralcoasthelicopters.com.au
20 612 004 627,peter@mudzenterprise.com.au,,29-Jun-18,31-Jul-21,T,,,,peter@mudzenterprise.com.au
39 870 055 058,accounts@autoproexmouth.com.au,,,30-Sep-20,T+,,,,accounts@autoproexmouth.com.au
55 600 832 460,info@westernsafari.com.au,,10-May-19,31-May-22,T+,peter.wang@westernsafari.com.au,,,"info@westernsafari.com.au, peter.wang@westernsafari.com.au"
61 894 004 875,stephanie.ross@dpaw.wa.gov.au,,,31-Mar-25,T+,,,,stephanie.ross@dpaw.wa.gov.au
59278745098,paul@fervor.com.au,,14-Oct-16,31-Oct-19,T+,,,,paul@fervor.com.au
49 460 782 515,themagicbusaustralia@outlook.com,,22-Sep-16,30-Sep-19,T,,,,themagicbusaustralia@outlook.com
,chairperson@povg.org.au,,,30-Jun-26,T+,rosebush@westnet.com.au,francescaf@perthobservatory.com.au,,chairperson@povg.org.au; rosebush@westnet.com.au; francescaf@perthobservatory.com.au
15 479 809 711,denmarkwinelovers@gmail.com,,16-Nov-18,30-Nov-19,T,,,,denmarkwinelovers@gmail.com
70118299348,chelle@downunderdiscoveries.com,,23-Jan-19,31-Jan-20,T+,,,,chelle@downunderdiscoveries.com
59 634 306 630,sylvia.kramara@nintirri.org.au,16-Apr-19,29-Mar-19,15-Jun-19,T+,,,,sylvia.kramara@nintirri.org.au
 79 630 226 274,admin@kingfishertours.net,,20-Feb-19,29-Feb-20,T+,,,,admin@kingfishertours.net
46 093 398 647,ben@ningaloosportfishing.com,,8-Apr-16,30-Apr-20,T+,,,,ben@ningaloosportfishing.com
35 328 008 974,shop@dwellingupgeneralstore.com.au,,,31-Jul-19,T+,,,,shop@dwellingupgeneralstore.com.au
28852132841,info@whales-australia.com.au,,11-Jun-19,31-Jul-20,T,,,,info@whales-australia.com.au
71 257 828 268,geotax@bigpond.com,,1-Nov-17,30-Nov-20,T+,,,,geotax@bigpond.com
66 358 503 724,landsdalebuscharters@gmail.com,,22-Nov-18,30-Nov-19,T+,,,,landsdalebuscharters@gmail.com
65 609 229 861,geri.hayden@wiilmen.com.au,,6-Dec-17,31-Dec-19,T,,,,geri.hayden@wiilmen.com.au
93 879 817 211,info@naturetimetours.com,,30-Oct-18,31-Jan-20,T+,,,,info@naturetimetours.com
66 102 528 209,mark@lifesanadventure.com.au,,21-Mar-17,31-Mar-20,T+,enquiries@lifesanadventure.com.au,,,"mark@lifesanadventure.com.au, enquiries@lifesanadventure.com.au"
68 387 717 765,info@westozactive.com.au,,21-Mar-17,31-Mar-20,T+,,,,info@westozactive.com.au
78 565 158 089,callumangove@live.com,,23-Jul-18,31-Jul-21,T+,carol@diversitycharters.com.au,,,"callumangove@live.com, carol@diversitycharters.com.au"
29 233 457 421,troy@horizontalfallsadventures.com.au,,21-Mar-18,31-Mar-28,E,kristy@oneeightymarketing.com.au,,,troy@horizontalfallsadventures.com.au;kristy@oneeightymarketing.com.au
44 155 359 658,info@perthfishingsafaris.com.au,,9-Oct-17,31-Oct-19,T+,,,,info@perthfishingsafaris.com.au
22365128851,Chrissy.shipp@gmail.com,,,30-Apr-22,E,,,,Chrissy.shipp@gmail.com
54 623 284 926,kylie@gobeyondbroome.com.au,,1-Jul-19,30-Jun-22,T+,,,,kylie@gobeyondbroome.com.au
48725785269,info.exmouthtackle@westnet.com.au,,28-Mar-18,31-Mar-20,T,,,,info.exmouthtackle@westnet.com.au
91622299754,admin@cyal8tadventuretours.com,,30-May-19,31-May-20,T,chris@cyal8tadventuretours.com,,,"admin@cyal8tadventuretours.com, chris@cyal8tadventuretours.com"
95 581 002 371,info@wildgoosecamping.com.au,,17-May-19,31-May-20,T,,,,info@wildgoosecamping.com.au
11 132 514 562 ,safabubakar@gmail.com,,16-May-19,31-May-20,T,,,,safabubakar@gmail.com
99337467939,suns_stayzntours@hotmail.com,,7-Jun-19,30-Jun-22,T,,,,suns_stayzntours@hotmail.com
37 977 359 227,tours@jilinyaadventures.com,,13-Dec-18,31-Jan-22,T+,,,,tours@jilinyaadventures.com
34 628 807 438,DS@nomadika.com.au,,,30-Nov-19,T,,,,DS@nomadika.com.au
64 068 196 539,dan@southernfirewellness.com,,1-Feb-19,31-Jan-20,T,,,,dan@southernfirewellness.com
87 130 775 563,jinniw@bigpond.com,,22-Feb-19,29-Feb-20,T+,,,,jinniw@bigpond.com
76 625 906 185,wchenbox@gmail.com,,7-Mar-19,31-Mar-20,T,,,,wchenbox@gmail.com
45 538 705 868,edwards.001@bigpond.com,,11-Mar-19,31-Mar-20,T,,,,edwards.001@bigpond.com
 60 613 141 610,info@vipchartervehicles.com.au,,,31-May-20,T,,,,info@vipchartervehicles.com.au
22 266 400 662,eddy3@hotkey.net.au,22-Jul-19,10-May-19,21-Sep-19,T,,,,eddy3@hotkey.net.au
21 166 633 012,hanginfive@me.com,,,30-Apr-21,T+,,,,hanginfive@me.com
39956221217,photo@pamelajennings.com.au,25-Jul-19,25-Jun-19,24-Sep-19,T,,,,photo@pamelajennings.com.au
39956221217,photo@pamelajennings.com.au,13-May-18,26-Apr-18,12-May-19,T,,,,photo@pamelajennings.com.au
57623427494,karl.f.kleimeyer@gmail.com,28-May-19,29-May-19,27-Jul-19,T,info@carlofishingcharters.com.au,,,"karl.f.kleimeyer@gmail.com, info@carlofishingcharters.com.au"
94 143 929 962,peter@gltg.com.au,,2-Jul-19,31-Jul-22,T,,,,peter@gltg.com.au
44 626 724 589,richard@westcoastcruiser.travel,,9-Jan-19,31-Jan-20,T,,,,richard@westcoastcruiser.travel
98 475 408 770,artistic.hill@gmail.com,,27-Jul-18,31-Jul-21,T,,,,artistic.hill@gmail.com
41 603 824 111,accounts@koomaldreaming.com.au,,28-Sep-18,30-Sep-21,T,,,,accounts@koomaldreaming.com.au
75 561 797 616,wanderearthyoga@gmail.com,,10-Oct-18,31-Oct-19,T+,,,,wanderearthyoga@gmail.com
92677622419,moby@outlook.com.au,,2-Nov-18,30-Nov-19,T,,,,moby@outlook.com.au
,popupvintageweddings@outlook.com,,20-Nov-18,30-Nov-19,T,,,,popupvintageweddings@outlook.com
18 510 212 971,kymgibson@adventureconnections.com.au,,12-Nov-18,30-Nov-19,T,,,,kymgibson@adventureconnections.com.au
71 669 180 186,info@broomeadventure.com.au,,7-Mar-19,31-Mar-20,T+,,,,info@broomeadventure.com.au
20 648 486 865,greg@wayfinderwa.com,,1-Mar-19,31-Mar-20,T,,,,greg@wayfinderwa.com
89 685 438 312,hello@xotours.com.au,,11-Apr-19,30-Apr-20,T,,,,hello@xotours.com.au
89 164 508 730,karena@linkargroup.com,3-May-19,3-May-19,2-Jul-20,T,candice.t@linkargroup.com,,,"karena@linkargroup.com, candice.t@linkargroup.com"
79 623 103 976,anordgard@hotmail.com,22-Jun-19,15-May-19,21-Aug-19,T,,,,anordgard@hotmail.com
80 129 563 739,megan.saul@iua.net.au,19-Aug-19,28-Jun-19,20-Oct-19,T,,,,megan.saul@iua.net.au
 84 423 523 892,kevin.mygal81@gmail.com,,15-Feb-19,29-Feb-20,T+,,,,kevin.mygal81@gmail.com
,olman.walley@gmail.com,,6-May-19,31-May-22,T,boorlooexperience@gmail.com,,,"olman.walley@gmail.com, boorlooexperience@gmail.com"
49860018960,chris.thurloe@hotmail.com,,31-Aug-18,31-Aug-19,T,,,,chris.thurloe@hotmail.com
82 774 631 182,midwestadventuretours@gmail.com,,16-Oct-18,31-Oct-19,T,,,,midwestadventuretours@gmail.com
77 540 390 698 ,Cruiseops.Australia@iss-shipping.com,,14-Dec-18,29-Feb-20,T+,,,,Cruiseops.Australia@iss-shipping.com
37 954 892 775,eileenohara09@yahoo.com.au,,29-Jan-19,31-Jan-20,T,,,,eileenohara09@yahoo.com.au
23 137 308 644,marietatham11@gmail.com,,8-Feb-19,29-Feb-20,T,,,,marietatham11@gmail.com
73 673 751 754,hire@esquireclassiccharters.com.au,,11-Mar-19,31-Mar-20,T,,,,hire@esquireclassiccharters.com.au
13 177 513 943,joeherbie@hotmail.com,,5-Jul-18,31-Jul-19,T,,,,joeherbie@hotmail.com
63 618 147 952,leowang@justjumptour.com,,,31-Jul-19,T,leo.uwa2014@gmail.com,,,"leowang@justjumptour.com,leo.uwa2014@gmail.com"
16 481 176 098,info@stirlingrange.com.au,,1-Aug-18,31-Aug-19,T,,,,info@stirlingrange.com.au
73 391 098 986,friedaorr@gmail.com,,12-Sep-18,30-Sep-19,T+,,,,friedaorr@gmail.com
51 627 395 274,ceo@murujuga.org.au,,18-Sep-18,30-Sep-21,T+,Lizcayzer@bigpond.com,,,"ceo@murujuga.org.au, Lizcayzer@bigpond.com"
,ncollard@bigpond.net.au,,21-Sep-18,30-Sep-21,T,,,,ncollard@bigpond.net.au
28 139 679 191,james@lhglobal.co,,21-Sep-18,30-Sep-19,T,,,,james@lhglobal.co
372 435 132 40,guy.acosta@gmail.com,,2-Nov-18,30-Nov-19,T,,,,guy.acosta@gmail.com
16 166 812 442,ian@ontrackexpeditions.com.au,12-May-19,5-Apr-19,11-Jul-19,T,,,,ian@ontrackexpeditions.com.au
58 428 621 711,slway@hotmail.com,,10-May-19,31-May-20,T,,,,slway@hotmail.com
 11 630 609 568,info@dacatours.com.au,,19-Jun-19,30-Jun-20,T,,,,info@dacatours.com.au
,groblerp@gmail.com,,23-Feb-18,28-Feb-21,T,,,,groblerp@gmail.com
609026977,sandy@cruiseningaloo.com.au,,15-Feb-19,28-Feb-22,T,bookings@cruiseningaloo.com.au,,,"sandy@cruiseningaloo.com.au, bookings@cruiseningaloo.com.au"
39357150217,lookawry@gmail.com,,9-Mar-18,31-Mar-20,T,,,,lookawry@gmail.com
21663575145,rosie@dirtyfeettours.com.au,,10-May-19,31-May-20,T,,,,rosie@dirtyfeettours.com.au
76 806 036 502,affinitytoursaustralia@gmail.com,,17-Jul-18,31-Jul-19,T,,,,affinitytoursaustralia@gmail.com
25 162 585 524,ashley.nesbit@silveradocharters.com.au,,29-Aug-18,31-Aug-19,T+,,,,ashley.nesbit@silveradocharters.com.au
,bobgray@westernboatcharters.com.au,1-Jan-19,,31-Dec-23,E,,,,bobgray@westernboatcharters.com.au
 22 605 262 461,ontrackmtb@gmail.com,,20-Dec-18,31-Jan-20,T+,,,,ontrackmtb@gmail.com
58 614 409 326,hikecollective@gmail.com,,8-Feb-19,29-Feb-20,T,,,,hikecollective@gmail.com
18 935 191 951,tcooke@westnet.com.au,,12-Apr-19,30-Apr-20,T+,,,,tcooke@westnet.com.au
45 862 632 062,azfromoz@yahoo.com.au,1-Jun-19,23-Apr-19,31-Jul-19,T+,,,,azfromoz@yahoo.com.au
92 506 784 935,nicole.fitch@maarkoodjal.org.au,,18-Apr-19,30-Apr-22,T+,,,,nicole.fitch@maarkoodjal.org.au
20997831480,sanctuaryofsoundperth@gmail.com,29-Nov-19,,30-Jan-20,T,,,,sanctuaryofsoundperth@gmail.com
69 731 647 933,team@kanga.com.au,12-Jul-19,4-Jul-19,11-Sep-19,T,,,,team@kanga.com.au
52 923 457 126,mk3y3h@internode.on.net,,14-Mar-19,31-Mar-20,T+,,,,mk3y3h@internode.on.net
27 761 821 406,cochisepage@yahoo.com,,,31-Aug-19,T,,,,cochisepage@yahoo.com
54 008 822 517,brett@indianchiefcharters.com.au,,22-Aug-18,31-Aug-19,T,chrisb@indianchiefcharters.com.au,,,"brett@indianchiefcharters.com.au, chrisb@indianchiefcharters.com.au"
97 138 707 819,bookings@bluehorizoncharters.com.au,,30-Aug-18,31-Aug-19,T,,,,bookings@bluehorizoncharters.com.au
14606553333,wowhojutour@gmail.com,,10-Oct-18,31-Oct-19,T,,,,wowhojutour@gmail.com
76 120 727 895,glamping@totemglamping.com.au,,31-Oct-18,30-Nov-19,T,,,,glamping@totemglamping.com.au
85 073 741 796,hansons@oeg.edu.au,,11-Jan-19,31-Jan-22,T+,,,,hansons@oeg.edu.au
64 679 869 908,info@nyungartours.com.au,,15-Feb-19,28-Feb-22,T,manager@nyungartours.com.au,,,"info@nyungartours.com.au, manager@nyungartours.com.au"
18 164 077 507,workshops@markgray.com.au,8-Apr-19,20-Feb-19,7-Jun-19,T,,,,workshops@markgray.com.au
29 630 866 948,info@kimberleyexpeditions.com.au,,16-May-19,31-May-24,T+,,,,info@kimberleyexpeditions.com.au
76 797 322 182,admin@kimberleybirds.com.au,17-May-19,4-Apr-19,16-Jul-19,T+,,,,admin@kimberleybirds.com.au
42 167 601 925,looseridersperth@gmail.com,,11-Apr-19,30-Apr-20,T,,,,looseridersperth@gmail.com
65 668 454 540,george@mandurahdreaming.com.au,,3-May-19,31-May-22,T+,,,,george@mandurahdreaming.com.au
47594530252,safar.ali.au@gmail.com,,10-May-19,31-May-20,T,,,,safar.ali.au@gmail.com
85 995 115 307,quinton@koya.org.au,,21-May-19,31-May-22,T,,,,quinton@koya.org.au
83 326 259 093,cmlovelady@icloud.com,,22-May-19,31-May-20,T,,,,cmlovelady@icloud.com
28372348796,neil@pilbara4wdcharters.com.au,,,31-May-20,T,,,,neil@pilbara4wdcharters.com.au
34588390971,whitebf@bigpond.com,28-May-19,,31-May-20,T,,,,whitebf@bigpond.com
99 998 591 712,peelbuscharters@westnet.com.au,,21-Jun-19,30-Jun-20,T,,,,peelbuscharters@westnet.com.au
39 633 258 394,duetsix@gmail.com,,,31-Jul-20,T,,,,duetsix@gmail.com
61 604 803 107,info@emvchartervehicles.com.au,,11-Jul-19,31-Jul-20,T,,,,info@emvchartervehicles.com.au
24 617 354 355,info@empirecycles.com.au,,20-Feb-19,29-Feb-20,T+,,,,info@empirecycles.com.au
96623929939,jane@souldcamping.com.au,,26-Apr-18,30-Apr-21,T,,,,jane@souldcamping.com.au
48 623 480 919,melissa@westsidetours.com.au,,12-Sep-18,30-Sep-19,T,,,,melissa@westsidetours.com.au
66 436 544 583,hello@ziyarahtours.com.au,,28-Sep-18,30-Sep-19,T,,,, hello@ziyarahtours.com.au
72 369 148 846,gday.bookings@gmail.com,,30-Nov-18,30-Nov-19,T,,,,gday.bookings@gmail.com
46 161 014 553,k.baharuddin@gmail.com,4-Apr-19,4-Apr-19,3-Jun-19,T,,,,k.baharuddin@gmail.com
37 668 719 101,info@scubayorp.com.au,,12-Apr-19,30-Apr-20,T,,,,info@scubayorp.com.au
17 627 259 894,amy.gan@yahoo.com,28-May-19,29-May-19,27-Jul-19,T,,,,amy.gan@yahoo.com
30 000 018 486,rover@rovercoaches.com.au,4-Sep-19,11-Jun-19,3-Nov-19,T,,,,rover@rovercoaches.com.au
